1, madhav, belbase, dang, madhavbelbase@gmail.com, 11/04/1995, 9865345202, Male, 01/1/2020, computing, published
2, ajay,   gautam, pyuthan, ajay12@gmail.com, 19/04/1998, 9862145202, Male, 12/1/2020, networking, published
3, roshani, malla, kathmandu, roshani@gmail.com, 21/09/1999, 9823523202, Female, 21/1/2020, computing, pending
4, dhruba, belbase, lalitpur, belbased@gmail.com, 08/06/1990, 9803120202, Male, 04/2/2020, computing, published
5, shishir,shrestha, butwal, shishir@gmail.com, 20/02/1998, 981251235, Male, 11/1/2020, multimedia, published
6, kalpana,belbase, jhapa, kalpna23@gmail.com, 13/08/1991, 9814525202, Female, 09/1/2020, multimedia, pending
7, bipin,  sharma, chitwan, bipin50@gmail.com, 28/04/2001, 9823012554, Male, 07/1/2020, computing, published
8, anisha, giri, pokhara, anishagiri1@gmail.com, 04/04/1997, 9861023655, Female, 17/1/2020, networking, published
9, santosh,thapa, dhangadi, santosh11@gmail.com, 17/03/2000, 9862102352, Male, 29/1/2020, computing, pending  